case_id,case_name,mean_position_rmse_m,median_position_rmse_m,mean_heading_rmse_rad,mean_velocity_rmse_mps,mean_max_position_error_m
dead_reckoning,Dead reckoning,7.39823853579548,7.63845169976976,0.114883327545042,0.291189453868395,11.5715409223403
beacon_fixed,Beacon fixed covariance,0.326314840172407,0.219437660638832,0.0590155590807435,0.138715392676881,1.08318116330031
beacon_adaptive,Beacon adaptive covariance,0.285873901255837,0.229940719669321,0.0593700104888806,0.132346391377703,1.02704036517186
lidar_only,LiDAR only,0.0968292750115781,0.0986039467448477,0.028509470037942,0.0895110679570066,0.26243329070578
lidar_beacon_adaptive,LiDAR + adaptive beacon fusion,0.0890959020301155,0.0892961022888954,0.0284168953755359,0.0890191671626165,0.238377277114768
